product_name,qty_sold,sales_price,original_price,rating,shipping_cost,store
Hip Hop Y2k Retro Black Baggy Jeans for Men Punk Raw Edge Embroidery Jeans Vintage Pattern Patchwork High Waisted Denim Pants ,2 sold,"NGN55,025.61",,,"+Shipping: NGN10,336.95",Planet Street Store
Trendline functional cargo pants men's trendsetting monogrammed multi-pocket leggings baggy hip-hop casual pants ,,"NGN10,192.84","NGN10,192.84",,Free shipping,Shop1103577477 Store
Brand Casual Man Pants Spring Summer Thin Harem Cargo Pants Men New Outdoor Work Loose Pantalones Cargo Baggy Trousers B27 ,,"NGN25,787.79",,,,Shop1102821270 Store
High quality men's fashion baggy jeans Straight Broad legs and small feet fallow pantalones hombre jeans for Handsome  men ,,"NGN23,999.53","NGN69,871.61",,Free shipping,Shop1103658030 Store
Men's Overalls Baggy Jeans Shorts Jumpsuits Men Shorts Summer Clothing Street Distressed Denim Bib Overalls Man Pants Plus Size ,11 sold,"NGN12,118.58",,,,"Hi, Girl Store"
2024 Summer Cotton Harem Pants Men Solid Streetwear Mens Joggers Baggy Pants Casual Trousers Men ,12 sold,"NGN18,659.76",,,"+Shipping: NGN4,313.39",Long Li Store
Autumn Men's Baggy Jeans Cotton New Style Stretch Straight Stylish Denim Trousers Streetwear Retro American Washed Casual Pants ,,"NGN32,781.4","NGN85,309.35",,Free shipping,Excellent Choice Day Store
2024 Autumn New Style Men's Fashion Casual Pants Baggy Sweatpants Design Niche Zipper Slit High Street Straight Male Clothing ,,"NGN27,018.99","NGN79,372.26",,Free shipping,Shop1103852396 Store
2024 Y2K Streetwear Multiple Pockets Baggy Cargo Jeans Pants For Men Clothing Vintage Loose Women Denim Trousers Pantalon Homme ,1 sold,"NGN23,802.95",,,,Shop1103719300 Store
New Casual Jeans Men Lyocell High Quality Soft Breathable Straight Pants Baggy Wide Male Denim Pants Streetwear Blue Coffee ,2 sold,"NGN25,499.63","NGN59,394.91",,Free shipping,Something Sells Well Store
Trendline functional cargo pants men's trendsetting monogrammed multi-pocket leggings baggy hip-hop casual pants ,,"NGN10,192.84","NGN10,192.84",,Free shipping,Shop1103577477 Store
Brand Casual Man Pants Spring Summer Thin Harem Cargo Pants Men New Outdoor Work Loose Pantalones Cargo Baggy Trousers B27 ,,"NGN25,787.79",,,,Shop1102821270 Store
High quality men's fashion baggy jeans Straight Broad legs and small feet fallow pantalones hombre jeans for Handsome  men ,,"NGN23,999.53","NGN69,871.61",,Free shipping,Shop1103658030 Store
Men's Overalls Baggy Jeans Shorts Jumpsuits Men Shorts Summer Clothing Street Distressed Denim Bib Overalls Man Pants Plus Size ,11 sold,"NGN12,118.58",,,,"Hi, Girl Store"
2024 Summer Cotton Harem Pants Men Solid Streetwear Mens Joggers Baggy Pants Casual Trousers Men ,12 sold,"NGN18,659.76",,,"+Shipping: NGN4,313.39",Long Li Store
Autumn Men's Baggy Jeans Cotton New Style Stretch Straight Stylish Denim Trousers Streetwear Retro American Washed Casual Pants ,,"NGN32,781.4","NGN85,309.35",,Free shipping,Excellent Choice Day Store
2024 Autumn New Style Men's Fashion Casual Pants Baggy Sweatpants Design Niche Zipper Slit High Street Straight Male Clothing ,,"NGN27,018.99","NGN79,372.26",,Free shipping,Shop1103852396 Store
2024 Y2K Streetwear Multiple Pockets Baggy Cargo Jeans Pants For Men Clothing Vintage Loose Women Denim Trousers Pantalon Homme ,1 sold,"NGN23,802.95",,,,Shop1103719300 Store
New Casual Jeans Men Lyocell High Quality Soft Breathable Straight Pants Baggy Wide Male Denim Pants Streetwear Blue Coffee ,2 sold,"NGN25,499.63","NGN59,394.91",,Free shipping,Something Sells Well Store
Bandana Baggy Jeans for Men Oversize Pants Spring Embroidery Straight Wide Leg Denim Trousers Hiphop Streetwear Clothes 2023 Y2K ,11 sold,"NGN24,678.55",,,"+Shipping: NGN14,363.43",Bewithyou Store
Spring Autumn 2022 Cargo Men's Casual Camouflage Trousers Cotton Sweatpants Leg Track Trousers Overalls Men Baggy Tactical Pants ,7 sold,"NGN7,204.79",,,,A First-class Store
American Retro Star Embroidery Jeans Men's Baggy Hip Hop Fashion Denim Pants 2024 New Casual Y2K Streetwear Straight Trouser ,5 sold,"NGN12,924.38",,,"+Shipping: NGN23,352.35",Gorgeousn World Store
Outdoor Autumn Men's Cargo Pants Fashion Vintage Casual Hiphop Loose Streetwear Men Baggy Side Pockets Trousers Sweatpants Male ,,"NGN13,500.93",,,,THYKS Jeansame Store
New Fashion Men's Cotton Linen Pants Color Block Elastic Waist Streetwear Joggers Baggy Casual Yoga Loose Trousers Men ,,"NGN25,248.35",,,"+Shipping: NGN19,086.36",li fen wen na Official Store
Christmas Casual Pants Men'S Fashion Trousers Navidad BottomsÂ Baggy Joggers Lounge Home-Wear Printed Casual Xmas Gif Pantalones ,2 sold,"NGN11,944.77",,,,Alice920923 Store
Streetwear Spring Summer Harajuku Casual Harem Men's Pants Printing Oversize Pants Ankle Length Cotton Baggy Pants For Man ,2 sold,"NGN25,264.15",,,,Beysaurt Official Store
Cargo Pants For Men Baggy Ethnic Men'S Traditional Beer Oktoberfest Pants Suspender Embroidered Trousers Pants Men Clothing ,,"NGN11,411.26",,,,Adult Chothes Store
Jeans For Men Baggy Pants Loose Fit Wide Leg Straight Cut Light Blue 2024 Spring And Summer Men's Jeans Streetwear Hiphop Casual ,,"NGN29,214.14",,,,Long Li Store
Spring and summer outdoor new style work clothes binding pants men with 2024 fashion baggy multi-pocket casual pants ,,"NGN22,796.39","NGN65,235.92",,Free shipping,Shop1103183813 Store
Men's Oversize Jeans Plus Size Denim Pants Korean Fashion Men Baggy Casual 10XL Streetwear Wide Jeans Man Trousers Men's Cothing ,105 sold,"NGN33,258.93","NGN33,258.93",,Free shipping,CAMO WOLF Official Store
Hip Hop Streetwear Big Boy Jeans Y2K Pattern Embroidery Retro Blue Baggy Jeans Pants Men Women Fashion Pants Clothing ,4 sold,"NGN37,919.92",,,"+Shipping: NGN11,170.58",Akalin Store
Streetwear Y2K Retro Ripped Jeans Men Women Washed Distressed Wide Leg Oversized Jeans Punk Hip Hop Fashion Trousers Baggy Pants ,7 sold,"NGN44,179.89",,,"+Shipping: NGN12,149.31",Eucalyptuss Store
REDDACHiC Dirty Wash Blue Baggy Jeans Men Loose Fit Casual Harajuku Hip Hop Trousers Straight Wide Leg Pants Y2k Vintage Clothes ,7 sold,"NGN53,166.89",,,"+Shipping: NGN7,852.58",SeeU Today Store
Harajuku Hip Hop Letter Embroidery Streetwear PROTECT jogging pants Y2K mens Vintage Black Baggy pants High Waist Wide  Trouser ,4 sold,"NGN30,019.94",,,"+Shipping: NGN10,475.38",Akalin Store
Baggy Jeans Men Wide Leg Pants Casual Oversize Jeans For Men Clothing Loose Fit Streetwear Vintage Male Denim Trousers 2023 New ,12 sold,"NGN34,443.93",,,"+Shipping: NGN13,303.57",KSTUN Store
New Baggy Striped Sweatpants For Men Straight-Leg Pants Fashion Hip Hop Streetwear Harajuku Trousers Casual Bottoms Male Clothes ,1 sold,"NGN36,497.92","NGN53,277.49",,Free shipping,YIN PAI Boutique Store
IEFB Men's Trousers Loose Cut Loose Wide Leg Jeans 2023 New Solid Color Patchwork Baggy Denim Pants Korean Fashion Street 9A7433 ,10 sold,"NGN50,117.5",,,"+Shipping: NGN12,576.77",IEFB Official Store
Japanese Style Pants Satin Material Dragon Pattern Harlan Pants Drawstring Elastic Waist Baggy Trousers ,6 sold,"NGN24,040.62","NGN91,622.01",,"+Shipping: NGN22,759.2",wetailor Official Store
New Men's Pants High Quality Printed Letters Spring and Autumn Korean Fashion Loose Baggy Casual Haren Pants Streetwear Trousers ,5 sold,"NGN41,711.92",,,"+Shipping: NGN11,328.58",Shop1102187655 Store
Men's Clothing Korean Fashion Pockets Plaid Pants New Straight Casual Pants Trend Feet Jeans Hombre Vintage Baggy Denim Trousers ,4 sold,"NGN43,623.71",,,"+Shipping: NGN12,734.77",Shop1102187655 Store
Hip Hop Y2k Retro Black Baggy Jeans for Men Punk Raw Edge Embroidery Jeans Vintage Pattern Patchwork High Waisted Denim Pants ,2 sold,"NGN55,025.61",,,"+Shipping: NGN10,336.95",Planet Street Store
Trendline functional cargo pants men's trendsetting monogrammed multi-pocket leggings baggy hip-hop casual pants ,,"NGN10,192.84","NGN10,192.84",,Free shipping,Shop1103577477 Store
Brand Casual Man Pants Spring Summer Thin Harem Cargo Pants Men New Outdoor Work Loose Pantalones Cargo Baggy Trousers B27 ,,"NGN25,787.79",,,,Shop1102821270 Store
High quality men's fashion baggy jeans Straight Broad legs and small feet fallow pantalones hombre jeans for Handsome  men ,,"NGN23,999.53","NGN69,871.61",,Free shipping,Shop1103658030 Store
Men's Overalls Baggy Jeans Shorts Jumpsuits Men Shorts Summer Clothing Street Distressed Denim Bib Overalls Man Pants Plus Size ,11 sold,"NGN12,118.58",,,,"Hi, Girl Store"
2024 Summer Cotton Harem Pants Men Solid Streetwear Mens Joggers Baggy Pants Casual Trousers Men ,12 sold,"NGN18,659.76",,,"+Shipping: NGN4,313.39",Long Li Store
Autumn Men's Baggy Jeans Cotton New Style Stretch Straight Stylish Denim Trousers Streetwear Retro American Washed Casual Pants ,,"NGN32,781.4","NGN85,309.35",,Free shipping,Excellent Choice Day Store
2024 Autumn New Style Men's Fashion Casual Pants Baggy Sweatpants Design Niche Zipper Slit High Street Straight Male Clothing ,,"NGN27,018.99","NGN79,372.26",,Free shipping,Shop1103852396 Store
2024 Y2K Streetwear Multiple Pockets Baggy Cargo Jeans Pants For Men Clothing Vintage Loose Women Denim Trousers Pantalon Homme ,1 sold,"NGN23,802.95",,,,Shop1103719300 Store
New Casual Jeans Men Lyocell High Quality Soft Breathable Straight Pants Baggy Wide Male Denim Pants Streetwear Blue Coffee ,2 sold,"NGN25,499.63","NGN59,394.91",,Free shipping,Something Sells Well Store
New Men's Fashion Baggy Pants Black Wide Leg Double Layered Striped Patchwork Cuffs Oversized High Waist Long Trousers Male ,,"NGN54,567.06",,,"+Shipping: NGN13,688.71",MOTUWETHFR Official Store
Casual Pants Men Gothic Baggy Cargo Pants Streetwear Hip Hop Joggers Trousers Autumn Sports Straight Pants For Men Sweatpants ,,"NGN21,250.95",,,"+Shipping: NGN20,445.16",Dahlia Rosea Store Store
Men Cargo Pants Autumn Cotton Trousers Male Baggy Army green Multi Pocket Trousers Joggers Pantalon Streetwear Sweatpants ,,"NGN37,310.42","NGN89,973.42",,Free shipping,YE-Fashion Store
Fashion Military Cargo Pants pockets Men Loose Baggy Tactical Trousers Outdoor Casual Cotton Cargo Pants Men Multi Pockets ,,"NGN45,424.91",,,"+Shipping: NGN16,558.37",LUKER CMSS Official Store
Men's Spring High Street Straight Wide Leg Pants Fashion Loose Wide Leg Casual Black Work Baggy Pants ,,"NGN16,732.59",,,"+Shipping: NGN24,298.61",May Factory Clothing Store
Fashion Women Solid Color Pockets Harem Pants Baggy Trousers Plus Casual Loose Elastic Low Waist Waist Drop Crotch Pants ,,"NGN10,980.98",,,,LL spirit Store
Fashion Male Casual Harem Trousers Long Baggy Pants Streetwear Hip Hop Multiple Pockets Cargo Pants ,1 sold,"NGN32,516.34",,,,MM Structure Store
Hip Hop Retro Skull Graphic Baggy Y2k Jeans Mens Harajuku Jeans Black Pants 2023 New Gothic Oversized Wide Trousers Streetwear ,2 sold,"NGN36,028.67",,,"+Shipping: NGN7,871.72",Planet Street Store
Summer Men's Retro Plaid Casual Wide-Leg Ppants 3D Printed Fashion Wide-leg Pants Hawaiian Baggy Beach Pants ,,"NGN11,751.89",,,,Shop1103797101 Store
Jeans for Men Baggy Fashion American Retro Hip Hop Punk Style Full Length Autumn All-match Streetwear Harajuku Denim Trousers ,,"NGN29,087.74",,,,Masculine Store
Hip Hop Y2k Retro Black Baggy Jeans for Men Punk Raw Edge Embroidery Jeans Vintage Pattern Patchwork High Waisted Denim Pants ,2 sold,"NGN55,025.61",,,"+Shipping: NGN10,336.95",Planet Street Store
Trendline functional cargo pants men's trendsetting monogrammed multi-pocket leggings baggy hip-hop casual pants ,,"NGN10,192.84","NGN10,192.84",,Free shipping,Shop1103577477 Store
Brand Casual Man Pants Spring Summer Thin Harem Cargo Pants Men New Outdoor Work Loose Pantalones Cargo Baggy Trousers B27 ,,"NGN25,787.79",,,,Shop1102821270 Store
High quality men's fashion baggy jeans Straight Broad legs and small feet fallow pantalones hombre jeans for Handsome  men ,,"NGN23,999.53","NGN69,871.61",,Free shipping,Shop1103658030 Store
Men's Overalls Baggy Jeans Shorts Jumpsuits Men Shorts Summer Clothing Street Distressed Denim Bib Overalls Man Pants Plus Size ,11 sold,"NGN12,118.58",,,,"Hi, Girl Store"
2024 Summer Cotton Harem Pants Men Solid Streetwear Mens Joggers Baggy Pants Casual Trousers Men ,12 sold,"NGN18,659.76",,,"+Shipping: NGN4,313.39",Long Li Store
Autumn Men's Baggy Jeans Cotton New Style Stretch Straight Stylish Denim Trousers Streetwear Retro American Washed Casual Pants ,,"NGN32,781.4","NGN85,309.35",,Free shipping,Excellent Choice Day Store
2024 Autumn New Style Men's Fashion Casual Pants Baggy Sweatpants Design Niche Zipper Slit High Street Straight Male Clothing ,,"NGN27,018.99","NGN79,372.26",,Free shipping,Shop1103852396 Store
2024 Y2K Streetwear Multiple Pockets Baggy Cargo Jeans Pants For Men Clothing Vintage Loose Women Denim Trousers Pantalon Homme ,1 sold,"NGN23,802.95",,,,Shop1103719300 Store
New Casual Jeans Men Lyocell High Quality Soft Breathable Straight Pants Baggy Wide Male Denim Pants Streetwear Blue Coffee ,2 sold,"NGN25,499.63","NGN59,394.91",,Free shipping,Something Sells Well Store
Hip Hop Y2k Retro Black Baggy Jeans for Men Punk Raw Edge Embroidery Jeans Vintage Pattern Patchwork High Waisted Denim Pants ,2 sold,"NGN55,025.61",,,"+Shipping: NGN10,336.95",Planet Street Store
Trendline functional cargo pants men's trendsetting monogrammed multi-pocket leggings baggy hip-hop casual pants ,,"NGN10,192.84","NGN10,192.84",,Free shipping,Shop1103577477 Store
Brand Casual Man Pants Spring Summer Thin Harem Cargo Pants Men New Outdoor Work Loose Pantalones Cargo Baggy Trousers B27 ,,"NGN25,787.79",,,,Shop1102821270 Store
High quality men's fashion baggy jeans Straight Broad legs and small feet fallow pantalones hombre jeans for Handsome  men ,,"NGN23,999.53","NGN69,871.61",,Free shipping,Shop1103658030 Store
Men's Overalls Baggy Jeans Shorts Jumpsuits Men Shorts Summer Clothing Street Distressed Denim Bib Overalls Man Pants Plus Size ,11 sold,"NGN11,723.58",,,,"Hi, Girl Store"
2024 Summer Cotton Harem Pants Men Solid Streetwear Mens Joggers Baggy Pants Casual Trousers Men ,12 sold,"NGN18,659.76",,,"+Shipping: NGN4,313.39",Long Li Store
Autumn Men's Baggy Jeans Cotton New Style Stretch Straight Stylish Denim Trousers Streetwear Retro American Washed Casual Pants ,,"NGN32,781.4","NGN85,309.35",,Free shipping,Excellent Choice Day Store
2024 Autumn New Style Men's Fashion Casual Pants Baggy Sweatpants Design Niche Zipper Slit High Street Straight Male Clothing ,,"NGN27,018.99","NGN79,372.26",,Free shipping,Shop1103852396 Store
2024 Y2K Streetwear Multiple Pockets Baggy Cargo Jeans Pants For Men Clothing Vintage Loose Women Denim Trousers Pantalon Homme ,1 sold,"NGN22,184.93",,,,Shop1103719300 Store
New Casual Jeans Men Lyocell High Quality Soft Breathable Straight Pants Baggy Wide Male Denim Pants Streetwear Blue Coffee ,2 sold,"NGN25,499.63","NGN59,394.91",,Free shipping,Something Sells Well Store
Hip Hop Y2k Retro Black Baggy Jeans for Men Punk Raw Edge Embroidery Jeans Vintage Pattern Patchwork High Waisted Denim Pants ,2 sold,"NGN55,025.61",,,"+Shipping: NGN10,336.95",Planet Street Store
Trendline functional cargo pants men's trendsetting monogrammed multi-pocket leggings baggy hip-hop casual pants ,,"NGN10,192.84","NGN10,192.84",,Free shipping,Shop1103577477 Store
Brand Casual Man Pants Spring Summer Thin Harem Cargo Pants Men New Outdoor Work Loose Pantalones Cargo Baggy Trousers B27 ,,"NGN25,787.79",,,,Shop1102821270 Store
High quality men's fashion baggy jeans Straight Broad legs and small feet fallow pantalones hombre jeans for Handsome  men ,,"NGN23,999.53","NGN69,871.61",,Free shipping,Shop1103658030 Store
Men's Overalls Baggy Jeans Shorts Jumpsuits Men Shorts Summer Clothing Street Distressed Denim Bib Overalls Man Pants Plus Size ,11 sold,"NGN12,118.58",,,,"Hi, Girl Store"
2024 Summer Cotton Harem Pants Men Solid Streetwear Mens Joggers Baggy Pants Casual Trousers Men ,12 sold,"NGN18,659.76",,,"+Shipping: NGN4,313.39",Long Li Store
Autumn Men's Baggy Jeans Cotton New Style Stretch Straight Stylish Denim Trousers Streetwear Retro American Washed Casual Pants ,,"NGN32,781.4","NGN85,309.35",,Free shipping,Excellent Choice Day Store
2024 Autumn New Style Men's Fashion Casual Pants Baggy Sweatpants Design Niche Zipper Slit High Street Straight Male Clothing ,,"NGN27,018.99","NGN79,372.26",,Free shipping,Shop1103852396 Store
2024 Y2K Streetwear Multiple Pockets Baggy Cargo Jeans Pants For Men Clothing Vintage Loose Women Denim Trousers Pantalon Homme ,1 sold,"NGN23,802.95",,,,Shop1103719300 Store
New Casual Jeans Men Lyocell High Quality Soft Breathable Straight Pants Baggy Wide Male Denim Pants Streetwear Blue Coffee ,2 sold,"NGN25,499.63","NGN59,394.91",,Free shipping,Something Sells Well Store
New Fashion Hiphop Harem Joggers Men Casual Loose Baggy Trousers Streetwear Plus Size Sweatpants Cotton Track Pants Clothing ,,"NGN61,224.87",,,,Joyfield Store
Men Cotton and Linen Pants Harem Pants Baggy Casual Oversize Loose Joggers Wide Leg Pants Yoga Drop Crotch Trousers Hip Hop ,6 sold,"NGN20,065.96",,,"+Shipping: NGN16,621.57",King Billion Official Store
2024 Summer Men Straight Harem Pants Mens Harajuku Calf Length Pants Male Casual Wide Leg Baggy Pants Vintage Men Jogger Pants ,,"NGN9,859.18",,,"+Shipping: NGN17,332.56",FAVOCENT Chinese Style Store
Trendy Japanese Loose Harem Pants Spring and Autumn Leisure Versatile Trendy Jeans for Men cargo baggy jeans ,,"NGN48,663.9",,,"+Shipping: NGN26,180.55",Shop2028036 Store
Wide leg Pants Men Streetwear Baggy Loose Pants M-4XL Large size Ankle length Trousers cotton linen pants ,,"NGN5,504.75",,,"+Shipping: NGN17,571.08",Shop1102994466 Store
2024New Korean Fashion Men's Casual Long Baggy Jeans Classic Man Straight Denim Wide-leg Pants Solid Color Light Blue Grey Black ,,"NGN11,697.31",,,,Shop1103563212 Store
Japanese Style Men Cargo Pants Elastic Drawstring Waist Work Thick Baggy Pants Pockets Straight Wide Leg Trousers Streetwear ,,"NGN6,477.99",,,"+Shipping: NGN31,694.74",JEKKI Clothes Store
Hip Hop Retro Harajuku Street JNCO Jeans Pocket Embroidered Baggy Denim Wide Leg Pants Man New Fashion High Waist Straight Pants ,2 sold,"NGN31,443.2",,,"+Shipping: NGN9,103.24",Planet Street Store
n heavy brand men's overalls baggy leggings with retro casual pants pants pants man ,,"NGN16,311.16","NGN16,311.16",,Free shipping,Shop1103571652 Store
Y2K Streetwear Jeans Big Boy Jeans Harajuku Hip Hop Cartoon Embroidery Baggy Pants Men Women Casual High Waist Wide Trouser New ,21 sold,"NGN31,443.2",,,"+Shipping: NGN11,380.69",Seven Heads Clothes Store
Hip Hop Wide Leg Trouser Casual Loose Y2k Streetwear Black Denim Pants Vintage Graphic Print Baggy Jeans High Waist Pant For Men ,4 sold,"NGN30,526.11",,,"+Shipping: NGN7,871.72",Planet Street Store
Y2K Street High Quality Embroidered Hip Hop baggy Jeans Men Tribal Jeans Gothic Streetwear Harajuku Pants Waist Wide Leg Trouser ,2 sold,"NGN24,892.53",,,"+Shipping: NGN9,103.24",INSstudios Tide Brand Store
Y2k Baggy Jeans Embroidery Denim Simple Black Jeans Cargo American Retro High Street Korean Loose Pants Vintage Letter ,3 sold,"NGN32,389.94",,,"+Shipping: NGN11,676.18",Midsummer's Pillow Flowers Store
S-5XL Spring Summer Men's Thin Straight-leg Loose Jeans Classic Style Advanced Stretch Baggy Pants Male jeans mens carogo  pants ,,"NGN34,087.49",,,"+Shipping: NGN16,599.39",VODA MOMO YIGU Store
Brand Casual Pants Men Summer Multiple Pockets Cargo Parachute Pants Y2k Baggy Pants Outdoor Hiking Workout Streetwear Trousers ,,"NGN35,511.17",,,"+Shipping: NGN22,759.2",WONST Outlets Store
Japanese Style Men Cargo Pants Elastic Drawstring Waist Work Thick Baggy Pants Pockets Straight Wide Leg Trousers Streetwear ,,"NGN12,560.97",,,"+Shipping: NGN23,368.15",Kidsgarden Store
2023 Y2K Fashion Camouflage Baggy Tracksuit Cargo Pants For Men Clothing Zipper Design Women Casual Long Trousers Pantalon Homme ,3 sold,"NGN26,038.34",,,"+Shipping: NGN27,744.74",Vetements Tendance Store
Casual Streetwear Pants Solid Color Cargo Pants Drawstring Design Multi Pocket Loose Baggy Pants for Men's Workwear Trousers ,6 sold,"NGN20,401.02","NGN60,879.72",,Free shipping,Shop1103598458 Store
JNCO Letter Embroidery Baggy Jeans Hip Hop Mid Waist Straight Wide Leg Denim Pants Goth Casual Streetwear Trousers Men Clothing ,7 sold,"NGN35,439.33",,,"+Shipping: NGN6,683.39",Goddess of luck Store
Hip Hop Y2k Retro Black Baggy Jeans for Men Punk Raw Edge Embroidery Jeans Vintage Pattern Patchwork High Waisted Denim Pants ,2 sold,"NGN55,025.61",,,"+Shipping: NGN10,336.95",Planet Street Store
Trendline functional cargo pants men's trendsetting monogrammed multi-pocket leggings baggy hip-hop casual pants ,,"NGN10,192.84","NGN10,192.84",,Free shipping,Shop1103577477 Store
Brand Casual Man Pants Spring Summer Thin Harem Cargo Pants Men New Outdoor Work Loose Pantalones Cargo Baggy Trousers B27 ,,"NGN25,787.79",,,"+Shipping: NGN9,839.1",Shop1102821270 Store
High quality men's fashion baggy jeans Straight Broad legs and small feet fallow pantalones hombre jeans for Handsome  men ,,"NGN23,999.53","NGN69,871.61",,Free shipping,Shop1103658030 Store
Men's Overalls Baggy Jeans Shorts Jumpsuits Men Shorts Summer Clothing Street Distressed Denim Bib Overalls Man Pants Plus Size ,11 sold,"NGN11,723.58",,,"+Shipping: NGN27,491.94","Hi, Girl Store"
2024 Summer Cotton Harem Pants Men Solid Streetwear Mens Joggers Baggy Pants Casual Trousers Men ,12 sold,"NGN18,659.76",,,"+Shipping: NGN4,313.39",Long Li Store
Autumn Men's Baggy Jeans Cotton New Style Stretch Straight Stylish Denim Trousers Streetwear Retro American Washed Casual Pants ,,"NGN32,781.4","NGN85,309.35",,Free shipping,Excellent Choice Day Store
2024 Autumn New Style Men's Fashion Casual Pants Baggy Sweatpants Design Niche Zipper Slit High Street Straight Male Clothing ,,"NGN27,018.99","NGN79,372.26",,Free shipping,Shop1103852396 Store
2024 Y2K Streetwear Multiple Pockets Baggy Cargo Jeans Pants For Men Clothing Vintage Loose Women Denim Trousers Pantalon Homme ,1 sold,"NGN22,184.93",,,"+Shipping: NGN22,984.11",Shop1103719300 Store
New Casual Jeans Men Lyocell High Quality Soft Breathable Straight Pants Baggy Wide Male Denim Pants Streetwear Blue Coffee ,2 sold,"NGN25,499.63","NGN59,394.91",,Free shipping,Something Sells Well Store
Bandana Baggy Jeans for Men Oversize Pants Spring Embroidery Straight Wide Leg Denim Trousers Hiphop Streetwear Clothes 2023 Y2K ,11 sold,"NGN24,678.55",,,"+Shipping: NGN14,363.43",Bewithyou Store
Hip Hop Y2k Retro Black Baggy Jeans for Men Punk Raw Edge Embroidery Jeans Vintage Pattern Patchwork High Waisted Denim Pants ,2 sold,"NGN55,025.61",,,"+Shipping: NGN10,336.95",Planet Street Store
Trendline functional cargo pants men's trendsetting monogrammed multi-pocket leggings baggy hip-hop casual pants ,,"NGN10,192.84","NGN10,192.84",,Free shipping,Shop1103577477 Store
Brand Casual Man Pants Spring Summer Thin Harem Cargo Pants Men New Outdoor Work Loose Pantalones Cargo Baggy Trousers B27 ,,"NGN25,787.79",,,"+Shipping: NGN9,839.1",Shop1102821270 Store
High quality men's fashion baggy jeans Straight Broad legs and small feet fallow pantalones hombre jeans for Handsome  men ,,"NGN23,999.53","NGN69,871.61",,Free shipping,Shop1103658030 Store
Men's Overalls Baggy Jeans Shorts Jumpsuits Men Shorts Summer Clothing Street Distressed Denim Bib Overalls Man Pants Plus Size ,11 sold,"NGN12,118.58",,,"+Shipping: NGN27,491.94","Hi, Girl Store"
2024 Summer Cotton Harem Pants Men Solid Streetwear Mens Joggers Baggy Pants Casual Trousers Men ,12 sold,"NGN18,659.76",,,"+Shipping: NGN4,313.39",Long Li Store
Autumn Men's Baggy Jeans Cotton New Style Stretch Straight Stylish Denim Trousers Streetwear Retro American Washed Casual Pants ,,"NGN32,781.4","NGN85,309.35",,Free shipping,Excellent Choice Day Store
2024 Autumn New Style Men's Fashion Casual Pants Baggy Sweatpants Design Niche Zipper Slit High Street Straight Male Clothing ,,"NGN27,018.99","NGN79,372.26",,Free shipping,Shop1103852396 Store
2024 Y2K Streetwear Multiple Pockets Baggy Cargo Jeans Pants For Men Clothing Vintage Loose Women Denim Trousers Pantalon Homme ,1 sold,"NGN23,802.95",,,"+Shipping: NGN22,984.11",Shop1103719300 Store
New Casual Jeans Men Lyocell High Quality Soft Breathable Straight Pants Baggy Wide Male Denim Pants Streetwear Blue Coffee ,2 sold,"NGN25,499.63","NGN59,394.91",,Free shipping,Something Sells Well Store
men Baggy Pants Big Crotch Trousers Elastic Waist Harem Pants Wide Legs Men Unsiex Hiphop cotton Line track pants Plus Size ,5 sold,"NGN33,590.73",,,,FAVOCENT Chinese Style Store
2024 New Summer Vintage Soft Stretch Stripe Corduroy Pants Men Thick Elastic Waist Korea Baggy Straight Work Jogger Trousers ,,"NGN47,653.92",,,,Hot-selling Fast-selling Fashion Products Store
New Men Baggy Cargo Pants Harajuku Style Straight Loose Casual Pants For Men Solid Big Pockets Loose Wide Leg Design Trousers ,,"NGN44,018.71",,,,A-I-ai Store
Y2k Jeans Black Pants Men Women New Streetwear Harajuku Hip Hop Graphic Print Gothic Baggy Jeans High Waist Wide Leg Trousers ,2 sold,"NGN30,019.94",,,,Akalin Store
Men Baggy Jeans Hip-hop Skateboard Loose Jeans Street Dance Hip Hop Rap Male Pants Black Oversized Trouses Y2k Streetwear ,,"NGN23,582.41",,,,Mr.nut Men's Clothing Store
Embroidery High Waist Baggy Jeans Harajuku Polar Skate Co Men's Brown Jeans Big Boy Y2K Pants Gothic Graphic Mens Wide Trousers ,1 sold,"NGN33,179.93",,,,Devil fish outfits Store
Men's Corduroy Pants Black Drawstring Striped Mopping Wide Leg Straight Baggy Sweatpants Track Casual Trousers Korean Style ,4 sold,"NGN37,161.53",,,Free shipping,VIYOO Store
2023 Spring Autumn Men Business Dress Suit Pants Male Casual Classic Baggy Pants Office Formal Long Trousers Solid Color A118 ,,"NGN28,152.59",,,,Shop1102825156 Store
High Street Wide Leg Glossy Pu Leather Pants Sashes Boot Cut Men and Wome Straight Baggy Casual Jeans Oversized Flared Trousers ,,"NGN52,405.34",,,,TINT ERA Store
Harajuku Oversized Cargo Parachute Pants Men Streetwear Vintage Y2k Hip Hop Wide Leg Joggers Baggy Casual Sweatpants Techwear ,,"NGN12,007.97",,,,MOLAVE Bolsos Store
Hip Hop Y2k Retro Black Baggy Jeans for Men Punk Raw Edge Embroidery Jeans Vintage Pattern Patchwork High Waisted Denim Pants ,2 sold,"NGN55,025.61",,,"+Shipping: NGN10,336.95",Planet Street Store
Trendline functional cargo pants men's trendsetting monogrammed multi-pocket leggings baggy hip-hop casual pants ,,"NGN10,192.84","NGN10,192.84",,Free shipping,Shop1103577477 Store
Brand Casual Man Pants Spring Summer Thin Harem Cargo Pants Men New Outdoor Work Loose Pantalones Cargo Baggy Trousers B27 ,,"NGN25,787.79",,,"+Shipping: NGN9,839.1",Shop1102821270 Store
High quality men's fashion baggy jeans Straight Broad legs and small feet fallow pantalones hombre jeans for Handsome  men ,,"NGN23,999.53","NGN69,871.61",,Free shipping,Shop1103658030 Store
Men's Overalls Baggy Jeans Shorts Jumpsuits Men Shorts Summer Clothing Street Distressed Denim Bib Overalls Man Pants Plus Size ,11 sold,"NGN12,118.58",,,"+Shipping: NGN27,491.94","Hi, Girl Store"
2024 Summer Cotton Harem Pants Men Solid Streetwear Mens Joggers Baggy Pants Casual Trousers Men ,12 sold,"NGN18,659.76",,,"+Shipping: NGN4,313.39",Long Li Store
Autumn Men's Baggy Jeans Cotton New Style Stretch Straight Stylish Denim Trousers Streetwear Retro American Washed Casual Pants ,,"NGN32,781.4","NGN85,309.35",,Free shipping,Excellent Choice Day Store
2024 Autumn New Style Men's Fashion Casual Pants Baggy Sweatpants Design Niche Zipper Slit High Street Straight Male Clothing ,,"NGN27,018.99","NGN79,372.26",,Free shipping,Shop1103852396 Store
2024 Y2K Streetwear Multiple Pockets Baggy Cargo Jeans Pants For Men Clothing Vintage Loose Women Denim Trousers Pantalon Homme ,1 sold,"NGN23,802.95",,,"+Shipping: NGN22,984.11",Shop1103719300 Store
New Casual Jeans Men Lyocell High Quality Soft Breathable Straight Pants Baggy Wide Male Denim Pants Streetwear Blue Coffee ,2 sold,"NGN25,499.63","NGN59,394.91",,Free shipping,Something Sells Well Store
Korean Men Stretch Elastic Waist Patchwork Wide Leg Stripe Harem Trousers Summer Casual Youth Popula Baggy Comfortable Pants ,,"NGN21,261.34","NGN60,798.93",,Free shipping,Drop Shopping Men Jeans Store
Male Summer Four Season Stylish Bell Bottom Baggy Jeans Stacked Baggy Yellow-Mud Comfortable Denim Pants Men Flare Trouser ,,"NGN27,820.36","NGN74,697.27",,Free shipping,Drop Shopping Men Jeans Store
Men's Loose-fit Cotton Linen Bloomers Vintage Casual Japanese Style Baggy Harlan Pants ,1 sold,"NGN12,339.78","NGN30,841.54",,Free shipping,Fashion Fusion Store
Men's Casual Loose-fit Cotton Linen Wide-leg Bloomers Trousers Vintage Style Trendy Baggy Pants For Spring Summer ,,"NGN18,043.56","NGN45,124.71",,Free shipping,Fashion Fusion Store
Men's Casual Loose-fit Cotton Linen Wide-leg Bloomers Trousers Vintage Style Trendy Baggy Pants For Spring Summer ,,"NGN18,075.16","NGN45,187.91",,Free shipping,Fashion Fusion Store
Men's Spring/summer Loose-fit Linen Trousers Casual Mid-length Baggy Pants For Middle-aged Young Men ,1 sold,"NGN11,328.57","NGN28,313.54",,Free shipping,Fashion Fusion Store
American Style Vintage Men's Work Shorts Summer Casual Large Pocket Five-pocket Japanese Style Loose Baggy Pants ,,"NGN16,795.36","NGN47,810.7",,Free shipping,All-in-One Store
Loose-fit Men's Sweatpants Casual Striped Printed Baggy Pants Trendy Harajuku Style For Spring Autumn ,,"NGN12,576.77","NGN39,373.52",,Free shipping,All-in-One Store
Trendy Brand 2023 New Loose-fit Cargo Pants Men's Casual Pants Japanese Style Side Buckle Stripe Embroidery Baggy ,,"NGN13,967.16","NGN42,154.31",,Free shipping,All-in-One Store
Men's Loose-fit Harem Casual Pants New Spring Autumn 2023 Style Youthful Fashion Elements Zippered Baggy Pants For Outdoors ,,"NGN20,587.36","NGN55,394.69",,Free shipping,All-in-One Store
Hip Hop Y2k Retro Black Baggy Jeans for Men Punk Raw Edge Embroidery Jeans Vintage Pattern Patchwork High Waisted Denim Pants ,2 sold,"NGN55,025.61",,,"+Shipping: NGN10,336.95",Planet Street Store
Trendline functional cargo pants men's trendsetting monogrammed multi-pocket leggings baggy hip-hop casual pants ,,"NGN10,192.84","NGN10,192.84",,Free shipping,Shop1103577477 Store
Brand Casual Man Pants Spring Summer Thin Harem Cargo Pants Men New Outdoor Work Loose Pantalones Cargo Baggy Trousers B27 ,,"NGN25,787.79",,,"+Shipping: NGN9,839.1",Shop1102821270 Store
High quality men's fashion baggy jeans Straight Broad legs and small feet fallow pantalones hombre jeans for Handsome  men ,,"NGN23,999.53","NGN69,871.61",,Free shipping,Shop1103658030 Store
Men's Overalls Baggy Jeans Shorts Jumpsuits Men Shorts Summer Clothing Street Distressed Denim Bib Overalls Man Pants Plus Size ,11 sold,"NGN12,118.58",,,"+Shipping: NGN27,491.94","Hi, Girl Store"
2024 Summer Cotton Harem Pants Men Solid Streetwear Mens Joggers Baggy Pants Casual Trousers Men ,12 sold,"NGN18,659.76",,,"+Shipping: NGN4,313.39",Long Li Store
Autumn Men's Baggy Jeans Cotton New Style Stretch Straight Stylish Denim Trousers Streetwear Retro American Washed Casual Pants ,,"NGN32,781.4","NGN85,309.35",,Free shipping,Excellent Choice Day Store
2024 Autumn New Style Men's Fashion Casual Pants Baggy Sweatpants Design Niche Zipper Slit High Street Straight Male Clothing ,,"NGN27,018.99","NGN79,372.26",,Free shipping,Shop1103852396 Store
2024 Y2K Streetwear Multiple Pockets Baggy Cargo Jeans Pants For Men Clothing Vintage Loose Women Denim Trousers Pantalon Homme ,1 sold,"NGN23,802.95",,,"+Shipping: NGN22,984.11",Shop1103719300 Store
New Casual Jeans Men Lyocell High Quality Soft Breathable Straight Pants Baggy Wide Male Denim Pants Streetwear Blue Coffee ,2 sold,"NGN25,499.63","NGN59,394.91",,Free shipping,Something Sells Well Store
Plus Size Summer Harem Pants Men Short Joggers Chinese Style Calf-Length Casual Baggy Pants Male Capris Trousers 8XL ,,"NGN22,335.6",,,,Shop1103611441 Store
JNCO Y2K Jeans Hip Hop Four of A Kind Graphic Embroidery Blue Baggy Jeans Denim Pants New Retro Goth High Waisted Wide Trousers ,1 sold,"NGN36,574.56",,,"+Shipping: NGN11,380.69",Neptune Clothes Store
JNCO Wide Leg Trouser Casual Loose Y2k Streetwear Denim Pants Vintage Fist Graphic Print Baggy Jeans High Waist Pant For Men ,4 sold,"NGN29,084.96",,,,Street Planet Store
Mens Casual Pants Fabric Soft And Comfortable Fashion Trouser Straight Trousers Loose Trend Men'S Jogging Pants Sports Pants ,,"NGN27,102.3",,,,Shop1103685226 Store
KUBRO 2023 New Men's Summer Casual Pants Ice Silk Trousers Straight Tube High Elastic Male Breathable Cool Comfortable Stylish ,2 sold,"NGN23,440.48",,,"+Shipping: NGN9,070.49",KUBRO Official Store
Spring Autumn Cargo Pants Men Multi Pocket Straight Mens Military Trousers Casual Baggy Pants Men Big Size Tactical Pants Men ,12 sold,"NGN39,756",,,,Yao Sheng Innovate Store
Men's Trousers Summer Pants Beach Pants Drawstring Elastic Waist 3D Print Stripe Graphic Prints Geometry Comfort Casual Daily ,,"NGN19,765.76",,,Free shipping,Timer Manager Store
Hip Hop Gothic Cartoon Big Boy Jeans Y2K Pants Streetwear Embroidery Retro Blue Baggy Jeans Punk Rock High Waist Wide Trouser ,16 sold,"NGN30,019.94",,,"+Shipping: NGN10,475.38",Akalin Store
Classic 6 Color Casual Pants Men Stripe Plaid Spring Summer Business Fashion Comfortable Red Stretch Cotton Slim Trousers 30-38 ,,"NGN29,943.11",,,,Shop1103611441 Store
Comfortable Straight Leg Jeans Japanese Style Wide Leg Cargo Pants with Big Pockets for Men Oversized Denim Trousers Streetwear ,,"NGN8,996.25",,,,Pai Daxing Store
Hip Hop Y2k Retro Black Baggy Jeans for Men Punk Raw Edge Embroidery Jeans Vintage Pattern Patchwork High Waisted Denim Pants ,2 sold,"NGN55,025.61",,,"+Shipping: NGN10,336.95",Planet Street Store
Trendline functional cargo pants men's trendsetting monogrammed multi-pocket leggings baggy hip-hop casual pants ,,"NGN10,192.84","NGN10,192.84",,Free shipping,Shop1103577477 Store
Brand Casual Man Pants Spring Summer Thin Harem Cargo Pants Men New Outdoor Work Loose Pantalones Cargo Baggy Trousers B27 ,,"NGN25,787.79",,,"+Shipping: NGN9,839.1",Shop1102821270 Store
High quality men's fashion baggy jeans Straight Broad legs and small feet fallow pantalones hombre jeans for Handsome  men ,,"NGN23,999.53","NGN69,871.61",,Free shipping,Shop1103658030 Store
Men's Overalls Baggy Jeans Shorts Jumpsuits Men Shorts Summer Clothing Street Distressed Denim Bib Overalls Man Pants Plus Size ,11 sold,"NGN12,118.58",,,"+Shipping: NGN27,491.94","Hi, Girl Store"
2024 Summer Cotton Harem Pants Men Solid Streetwear Mens Joggers Baggy Pants Casual Trousers Men ,12 sold,"NGN18,659.76",,,"+Shipping: NGN4,313.39",Long Li Store
Autumn Men's Baggy Jeans Cotton New Style Stretch Straight Stylish Denim Trousers Streetwear Retro American Washed Casual Pants ,,"NGN32,781.4","NGN85,309.35",,Free shipping,Excellent Choice Day Store
2024 Autumn New Style Men's Fashion Casual Pants Baggy Sweatpants Design Niche Zipper Slit High Street Straight Male Clothing ,,"NGN27,018.99","NGN79,372.26",,Free shipping,Shop1103852396 Store
2024 Y2K Streetwear Multiple Pockets Baggy Cargo Jeans Pants For Men Clothing Vintage Loose Women Denim Trousers Pantalon Homme ,1 sold,"NGN23,802.95",,,"+Shipping: NGN22,984.11",Shop1103719300 Store
New Casual Jeans Men Lyocell High Quality Soft Breathable Straight Pants Baggy Wide Male Denim Pants Streetwear Blue Coffee ,2 sold,"NGN25,499.63","NGN59,394.91",,Free shipping,Something Sells Well Store
New Straight Jeans Men Blue Loose Denim Trousers Neutral Y2K Jean Streetwear Casual Wide Jeans Mans Women Pants men Baggy pants ,,"NGN18,025.25",,,"+Shipping: NGN25,840.2",VODA MOMO YIGU Store
2022 Men Light Business Casual Straight Pants Oversize Baggy Four Seasons Harajuku Streetwear Trousers for Men Khaki Black ,,"NGN33,164.14",,,"+Shipping: NGN13,809.17",DEEPSENCE Men Casual Clothing Store
Jeans Men Loose Fit Blue Baggy Jeans Fashion Spring Summer And Autumn Wide Leg Pants Denim Trousers Men's Clothing Harem Pants ,,"NGN47,075.28",,,Free shipping,Shop1102560269 Store
Winter Thicken Pants Men Double Layer Fleece Warm Overalls High Quality Mens Cotton Baggy Military Trousers Cargo Pants Plus 5XL ,,"NGN20,476.76",,,"+Shipping: NGN36,055.53",linstone clothes Store
Men Jeans Wide Leg Denim Cargo jean pants Loose Straight Baggy Men's Jeans hip hop Streetwear Skateboard Neutral denim Trousers ,7 sold,"NGN12,075.06",,,"+Shipping: NGN19,680.39",YIGUDAR Fashion Men Store
Plus Size Cargo Pants Men Casual Straight Loose Baggy Hiphip Harem Pants Wide Leg Elasitc Waist Trousers Streetwear Male Clothes ,,"NGN62,188.68",,,"+Shipping: NGN13,303.57",Jeansame Store
Spring Summer New Streetwear Baggy Jeans Men Korean Fashion Loose Straight Wide Leg Pants Male Brand Clothing Black Light Blue ,,"NGN34,087.49",,,"+Shipping: NGN16,599.39",VODA MOMO YIGU Store
Hip Hop Streetwear Big Boy Jeans Y2K Pattern Retro Blue Baggy Jeans Embroidery Pants Men Women Fashion Pants Clothing ,2 sold,"NGN36,023.93",,,"+Shipping: NGN11,170.58",Akalin Store
Baggy Straight Jeans Men American Vintage Washed Hole Denim Pants Male Street Harajuku Oversized Wide Leg Trousers Spring New ,1 sold,"NGN34,467.43",,,"+Shipping: NGN32,063.34",YLSL Store
Men Baggy Jeans Y2K Streetwear Black White Denim Pants for Men Casual Wide-leg Jeans Trousers ,6 sold,"NGN32,751.16",,,"+Shipping: NGN13,077.32",What You Love Is Your Life Store
